Destination Name,Country,Continent,Type,Avg Cost (USD/day),Best Season,Avg Rating,Annual Visitors (M),UNESCO Site,Broader_Type,Cost_Category,country_flag,country_region,country_subregion,country_currency,country_currency_symbol,country_languages,country_capital,country_timezone,country_population,country_area,country_alpha2,country_alpha3,country_borders,country_latitude,country_longitude,DestinationID,Popularity,BestTimeToVisit,destination,avg_review_rating,review_count,popularity_score,cost_of_living_index,rent_index,cost_of_living_plus_rent_index,groceries_index,restaurant_price_index,local_purchasing_power_index,air_pollution_avg,air_pollution_2023,destination_latitude,destination_longitude,destination_budget_level,Cluster,Description,image
Agadir Beach,Morocco,Africa,Beach,174.84,Summer,4.5,7.45,No,Nature,Expensive,🇲🇦,Africa,Northern Africa,MAD,DH,Arabic,Rabat,UTC+01:00,36900000.0,446550.0,MA,MAR,"DZ, EH, ES",31.7917,-7.0926,1,High,Summer,Serene Temple (Morocco),4.5,0,59.9,30.0,9.0,20.0,27.0,22.0,32.0,28.0,28.0,31.6492,-7.1601,Expensive,5,"Khám phá Serene Temple (Morocco) tại Morocco, một điểm đến beach tuyệt vời với phong cảnh đẹp và bầu không khí trong lành. Điểm đến này có chi phí dịch vụ expensive (đánh giá trung bình 4.5/5), thích hợp nhất để du lịch vào summer.",https://images.unsplash.com/photo-1511715282680-fbf93a50e721?w=1200&dest=serenetemplemorocco3264534728274312171
Cologne Cathedral,Germany,Europe,Religious,94.41,Summer,4.6,1.98,No,Heritage,Moderate,🇩🇪,Europe,Western Europe,EUR,€,German,Berlin,UTC+01:00,83100000.0,357022.0,DE,DEU,"DK, PL, CZ, AT, CH, FR, LU, BE, NL",51.1657,10.4515,2,High,Summer,Sacred Valley (Germany),4.6,1,49.96,65.0,28.0,47.0,52.0,58.0,95.0,12.0,12.0,51.0576,10.3322,Moderate,0,"Nếu bạn đang lên kế hoạch du lịch religious, Sacred Valley (Germany) ở Germany chính là lựa chọn lý tưởng. Với mức xếp hạng 4.6/5 sao từ cộng đồng du khách và chi phí du lịch thuộc phân khúc moderate, nơi này hứa hẹn kỳ nghỉ tuyệt vời vào summer.",https://images.unsplash.com/photo-1543629795-6c3e5d3e7e14?w=1200&dest=sacredvalleygermany383183816113765984
Kruger National Park,South Africa,Africa,Adventure,228.96,Summer,4.7,0.7,Yes,Adventure,Expensive,🇿🇦,Africa,Southern Africa,ZAR,R,"Zulu, Xhosa, Afrikaans, English",Pretoria,UTC+02:00,59300000.0,1221037.0,ZA,ZAF,"BW, LS, MZ, NA, SZ, ZW",-30.5595,22.9375,3,Medium,Summer,Serene Temple (South Africa),4.7,0,48.4,38.0,14.0,26.0,34.0,32.0,73.0,22.0,22.0,-30.6834,22.9141,Expensive,1,"Khám phá nét độc đáo của Serene Temple (South Africa) - điểm du lịch adventure đặc sắc tại South Africa. Nơi đây thu hút du khách nhờ các hoạt động trải nghiệm hấp dẫn vào summer, mức chi phí expensive cùng điểm số đánh giá 4.7/5 ấn tượng.",https://images.unsplash.com/photo-1484318571209-661cf29a69c3?w=1200&dest=serenetemplesouthafr6116998558196951105
Blue Mountains National Park,Australia,Oceania,Nature,120.96,Summer,4.3,2.24,No,Nature,Moderate,🇦🇺,Oceania,Australia and New Zealand,AUD,$,English,Canberra,UTC+10:00,25500000.0,7692024.0,AU,AUS,,-25.2744,133.7751,4,High,Summer,Sacred Plaza (Australia),4.3,0,47.48,75.0,36.0,56.0,72.0,70.0,105.0,5.0,5.0,-25.3963,133.6949,Moderate,0,"Khám phá Sacred Plaza (Australia) tại Australia, một điểm đến nature tuyệt vời với phong cảnh đẹp và bầu không khí trong lành. Điểm đến này có chi phí dịch vụ moderate (đánh giá trung bình 4.3/5), thích hợp nhất để du lịch vào summer.",https://images.unsplash.com/photo-1544644181-1484b3fdfc62?w=1200&dest=sacredplazaaustralia822716638026982422
Copper Canyon,Mexico,North America,Adventure,162.1,Spring,3.9,4.6,No,Adventure,Expensive,🇲🇽,Americas,Central America,MXN,$,Spanish,Mexico City,UTC-06:00,126000000.0,1964375.0,MX,MEX,"BZ, GT, US",23.6345,-102.5528,5,High,Spring,Golden Ruins (Mexico),3.9,0,48.2,38.0,12.0,26.0,36.0,32.0,42.0,20.0,20.0,23.4925,-102.6431,Expensive,5,"Khám phá nét độc đáo của Golden Ruins (Mexico) - điểm du lịch adventure đặc sắc tại Mexico. Nơi đây thu hút du khách nhờ các hoạt động trải nghiệm hấp dẫn vào spring, mức chi phí expensive cùng điểm số đánh giá 3.9/5 ấn tượng.",https://images.unsplash.com/photo-1512813195386-6cf811ad3542?w=1200&dest=goldenruinsmexico722817393118296741
Ayutthaya Historical Park,Thailand,Asia,Historical,190.82,Spring,4.0,1.83,Yes,Heritage,Expensive,🇹🇭,Asia,South-Eastern Asia,THB,฿,Thai,Bangkok,UTC+07:00,69800000.0,513120.0,TH,THA,"KH, LA, MMR, MY",15.87,100.9925,6,High,Spring,Hidden Valley (Thailand),4.0,0,43.66,38.0,15.0,27.0,39.0,25.0,35.0,22.0,22.0,15.8459,100.9773,Expensive,1,"Khám phá nét độc đáo của Hidden Valley (Thailand) - điểm du lịch historical đặc sắc tại Thailand. Nơi đây thu hút du khách nhờ các hoạt động trải nghiệm hấp dẫn vào spring, mức chi phí expensive cùng điểm số đánh giá 4.0/5 ấn tượng.",https://images.unsplash.com/photo-1534008897995-27a23e859048?w=1200&dest=hiddenvalleythailand2465065142251584364
Picos de Europa National Park,Spain,Europe,Adventure,104.6,Summer,4.1,4.83,No,Adventure,Moderate,🇪🇸,Europe,Southern Europe,EUR,€,Spanish,Madrid,UTC+01:00,47400000.0,505990.0,ES,ESP,"AD, FR, GI, PT, MA",40.4637,-3.7492,7,High,Summer,Hidden Park (Spain),4.1,6,50.66,54.0,22.0,39.0,45.0,50.0,70.0,11.0,11.0,40.5565,-3.8973,Moderate,4,"Hidden Park (Spain) là địa danh adventure nổi tiếng hàng đầu tại Spain. Được đánh giá 4.1/5 sao nhờ trải nghiệm độc đáo, địa điểm này có chi phí moderate và thời điểm ghé thăm hoàn hảo nhất là vào summer.",https://images.unsplash.com/photo-1509840841025-9088ba78a826?w=1200&dest=hiddenparkspain2353547109305584404
Copacabana Beach,Brazil,South America,Beach,118.53,Autumn,4.7,5.39,No,Nature,Moderate,🇧🇷,Americas,South America,BRL,R$,Portuguese,Brasilia,UTC-03:00,211000000.0,8515767.0,BR,BRA,"AR, BO, CO, GF, GY, PY, PE, SR, UY, VE",-14.235,-51.9253,8,High,Autumn,Grand Valley (Brazil),4.7,0,57.78,34.0,10.0,23.0,29.0,26.0,33.0,15.0,15.0,-14.1756,-51.9732,Moderate,2,"Nếu bạn đang lên kế hoạch du lịch beach, Grand Valley (Brazil) ở Brazil chính là lựa chọn lý tưởng. Với mức xếp hạng 4.7/5 sao từ cộng đồng du khách và chi phí du lịch thuộc phân khúc moderate, nơi này hứa hẹn kỳ nghỉ tuyệt vời vào autumn.",https://images.unsplash.com/photo-1511092307207-46f5e6bcb1d8?w=1200&dest=grandvalleybrazil3333895833460302723
Waitangi Treaty Grounds,New Zealand,Oceania,Historical,122.78,Spring,4.5,6.27,No,Heritage,Moderate,🇳🇿,Oceania,Australia and New Zealand,NZD,$,"English, Maori",Wellington,UTC+12:00,5000000.0,268021.0,NZ,NZL,,-40.9006,174.886,9,High,Spring,Ancient Beach (New Zealand),4.5,0,57.54,72.0,32.0,53.0,68.0,65.0,85.0,6.0,6.0,-40.986,174.965,Moderate,0,"Nếu bạn đang lên kế hoạch du lịch historical, Ancient Beach (New Zealand) ở New Zealand chính là lựa chọn lý tưởng. Với mức xếp hạng 4.5/5 sao từ cộng đồng du khách và chi phí du lịch thuộc phân khúc moderate, nơi này hứa hẹn kỳ nghỉ tuyệt vời vào spring.",https://images.unsplash.com/photo-1469521669194-babb48b5f3a5?w=1200&dest=ancientbeachnewzeala6054635125407362886
Nairobi,Kenya,Africa,City,119.99,Spring,4.8,1.43,No,Modern,Moderate,🇰🇪,Africa,Eastern Africa,KES,Sh,"Swahili, English",Nairobi,UTC+03:00,53700000.0,580367.0,KE,KEN,"ET, SO, SS, TZ, UG",-0.0236,37.9062,10,Medium,Spring,Serene Valley (Kenya),4.8,0,50.86,32.0,10.0,21.0,31.0,25.0,27.0,18.0,18.0,-0.1458,37.7852,Moderate,2,"Khám phá Serene Valley (Kenya) tại Kenya, một điểm đến city tuyệt vời với phong cảnh đẹp và bầu không khí trong lành. Điểm đến này có chi phí dịch vụ moderate (đánh giá trung bình 4.8/5), thích hợp nhất để du lịch vào spring.",https://images.unsplash.com/photo-1547970810-dc1eac37d174?w=1200&dest=serenevalleykenya146241693618626898
Great Wall of China,China,Asia,Historical,119.91,Autumn,5.0,1.66,No,Heritage,Moderate,🇨🇳,Asia,Eastern Asia,CNY,¥,Chinese,Beijing,UTC+08:00,1400000000.0,9596961.0,CN,CHN,"AF, BT, MMR, IN, KZ, KG, LA, MNG, NPL, KP, PK, RU, TJ, VN",35.8617,104.1954,11,High,Autumn,Hidden Ruins (China),5.0,0,53.32,40.0,16.0,29.0,40.0,28.0,60.0,25.0,25.0,35.8928,104.2875,Moderate,5,"Hidden Ruins (China) là địa danh historical nổi tiếng hàng đầu tại China. Được đánh giá 5.0/5 sao nhờ trải nghiệm độc đáo, địa điểm này có chi phí moderate và thời điểm ghé thăm hoàn hảo nhất là vào autumn.",https://images.unsplash.com/photo-1547981609-4b6bfe67ca0b?w=1200&dest=hiddenruinschina3068125697482574931
Himeji Castle,Japan,Asia,Historical,123.32,Winter,4.5,9.14,No,Heritage,Moderate,🇯🇵,Asia,Eastern Asia,JPY,¥,Japanese,Tokyo,UTC+09:00,126000000.0,377975.0,JP,JPN,,36.2048,138.2529,12,High,Winter,Ancient Park (Japan),4.5,0,63.28,68.0,26.0,48.0,65.0,45.0,88.0,11.0,11.0,36.2157,138.3948,Moderate,0,"Trải nghiệm hành trình du lịch historical thú vị tại Ancient Park (Japan) (Japan). Điểm đến này mang lại cảnh sắc say đắm lòng người, chi phí thuộc mức moderate, đánh giá cao 4.5/5 và rất thích hợp cho chuyến đi vào winter.",https://images.unsplash.com/photo-1542640244-7e672d6cef4e?w=1200&dest=ancientparkjapan420450429924077374
Marrakech,Morocco,Africa,City,191.13,Winter,4.1,3.46,Yes,Modern,Expensive,🇲🇦,Africa,Northern Africa,MAD,DH,Arabic,Rabat,UTC+01:00,36900000.0,446550.0,MA,MAR,"DZ, EH, ES",31.7917,-7.0926,13,High,Winter,Grand Canyon (Morocco),4.1,0,47.92,30.0,9.0,20.0,27.0,22.0,32.0,28.0,28.0,31.6653,-7.1546,Expensive,1,"Trải nghiệm hành trình du lịch city thú vị tại Grand Canyon (Morocco) (Morocco). Điểm đến này mang lại cảnh sắc say đắm lòng người, chi phí thuộc mức expensive, đánh giá cao 4.1/5 và rất thích hợp cho chuyến đi vào winter.",https://images.unsplash.com/photo-1551785076-c61086f35846?w=1200&dest=grandcanyonmorocco5516321895831861493
Hassan II Mosque,Morocco,Africa,Religious,288.92,Winter,4.9,2.26,No,Heritage,Luxury,🇲🇦,Africa,Northern Africa,MAD,DH,Arabic,Rabat,UTC+01:00,36900000.0,446550.0,MA,MAR,"DZ, EH, ES",31.7917,-7.0926,14,High,Winter,Golden Temple (Morocco),4.9,0,53.52,30.0,9.0,20.0,27.0,22.0,32.0,28.0,28.0,31.9073,-7.1341,Luxury,1,"Khám phá nét độc đáo của Golden Temple (Morocco) - điểm du lịch religious đặc sắc tại Morocco. Nơi đây thu hút du khách nhờ các hoạt động trải nghiệm hấp dẫn vào winter, mức chi phí luxury cùng điểm số đánh giá 4.9/5 ấn tượng.",https://images.unsplash.com/photo-1551785076-c61086f35846?w=1200&dest=goldentemplemorocco695980522226592523
Colosseum,Italy,Europe,Historical,186.92,Autumn,4.6,1.34,Yes,Heritage,Expensive,🇮🇹,Europe,Southern Europe,EUR,€,Italian,Rome,UTC+01:00,59600000.0,301340.0,IT,ITA,"AT, FR, SM, CH, SI, VA",41.8719,12.5674,15,Medium,Autumn,Serene Park (Italy),4.6,0,48.68,60.0,24.0,43.0,50.0,56.0,65.0,16.0,16.0,41.9333,12.4311,Expensive,4,"Nếu bạn đang lên kế hoạch du lịch historical, Serene Park (Italy) ở Italy chính là lựa chọn lý tưởng. Với mức xếp hạng 4.6/5 sao từ cộng đồng du khách và chi phí du lịch thuộc phân khúc expensive, nơi này hứa hẹn kỳ nghỉ tuyệt vời vào autumn.",https://images.unsplash.com/photo-1529260830199-42c24126f198?w=1200&dest=sereneparkitaly1712052463581088869
Cusco,Peru,South America,City,99.55,Autumn,4.0,3.08,No,Modern,Moderate,🇵🇪,South America,South America,PEN,S/.,Spanish,Lima,UTC-05:00,33000000.0,1285216.0,PE,PER,"BO, BR, CL, CO, EC",-9.19,-75.0152,16,High,Autumn,Lush Ruins (Peru),4.0,0,46.16,32.0,11.0,22.0,30.0,24.0,30.0,25.0,25.0,-9.1081,-74.8696,Moderate,2,"Nếu bạn đang lên kế hoạch du lịch city, Lush Ruins (Peru) ở Peru chính là lựa chọn lý tưởng. Với mức xếp hạng 4.0/5 sao từ cộng đồng du khách và chi phí du lịch thuộc phân khúc moderate, nơi này hứa hẹn kỳ nghỉ tuyệt vời vào autumn.",https://images.unsplash.com/photo-1531065208531-4036c0dba3ca?w=1200&dest=lushruinsperu861605288443405251
Rio de Janeiro,Brazil,South America,City,126.97,Winter,4.8,3.17,No,Modern,Moderate,🇧🇷,Americas,South America,BRL,R$,Portuguese,Brasilia,UTC-03:00,211000000.0,8515767.0,BR,BRA,"AR, BO, CO, GF, GY, PY, PE, SR, UY, VE",-14.235,-51.9253,17,High,Winter,Sacred Canyon (Brazil),4.8,0,54.34,34.0,10.0,23.0,29.0,26.0,33.0,15.0,15.0,-14.1251,-51.9613,Moderate,5,"Nếu bạn đang lên kế hoạch du lịch city, Sacred Canyon (Brazil) ở Brazil chính là lựa chọn lý tưởng. Với mức xếp hạng 4.8/5 sao từ cộng đồng du khách và chi phí du lịch thuộc phân khúc moderate, nơi này hứa hẹn kỳ nghỉ tuyệt vời vào winter.",https://images.unsplash.com/photo-1483729558449-99ef09a8c325?w=1200&dest=sacredcanyonbrazil4070227926795077787
Drakensberg Mountains,South Africa,Africa,Adventure,93.47,Autumn,4.5,8.12,No,Adventure,Moderate,🇿🇦,Africa,Southern Africa,ZAR,R,"Zulu, Xhosa, Afrikaans, English",Pretoria,UTC+02:00,59300000.0,1221037.0,ZA,ZAF,"BW, LS, MZ, NA, SZ, ZW",-30.5595,22.9375,18,High,Autumn,Mystic Forest (South Africa),4.5,6,61.24,38.0,14.0,26.0,34.0,32.0,73.0,22.0,22.0,-30.5188,22.8969,Moderate,2,"Trải nghiệm hành trình du lịch adventure thú vị tại Mystic Forest (South Africa) (South Africa). Điểm đến này mang lại cảnh sắc say đắm lòng người, chi phí thuộc mức moderate, đánh giá cao 4.5/5 và rất thích hợp cho chuyến đi vào autumn.",https://images.unsplash.com/photo-1580408041445-3966bb7ed408?w=1200&dest=mysticforestsouthafr7735270419679551757
Ha Long Bay,Vietnam,Asia,Beach,116.15,Summer,4.7,0.55,No,Nature,Moderate,🇻🇳,Asia,South-Eastern Asia,VND,₫,Vietnamese,Hanoi,UTC+07:00,97300000.0,331210.0,VN,VNM,"KH, CN, LA",14.0583,108.2772,19,Medium,Summer,Mystic Ruins (Vietnam),4.7,0,48.1,35.0,12.0,24.0,35.0,20.0,28.0,26.0,26.0,14.0149,108.3283,Moderate,2,"Mystic Ruins (Vietnam) là địa danh beach nổi tiếng hàng đầu tại Vietnam. Được đánh giá 4.7/5 sao nhờ trải nghiệm độc đáo, địa điểm này có chi phí moderate và thời điểm ghé thăm hoàn hảo nhất là vào summer.",https://images.unsplash.com/photo-1557750255-c76072a7aad1?w=1200&dest=mysticruinsvietnam1276895495888909267
Maasai Mara National Reserve,Kenya,Africa,Adventure,179.11,Summer,4.8,7.43,No,Adventure,Expensive,🇰🇪,Africa,Eastern Africa,KES,Sh,"Swahili, English",Nairobi,UTC+03:00,53700000.0,580367.0,KE,KEN,"ET, SO, SS, TZ, UG",-0.0236,37.9062,20,High,Summer,Lush Forest (Kenya),4.8,0,62.86,32.0,10.0,21.0,31.0,25.0,27.0,18.0,18.0,0.0091,37.8075,Expensive,5,"Khám phá Lush Forest (Kenya) tại Kenya, một điểm đến adventure tuyệt vời với phong cảnh đẹp và bầu không khí trong lành. Điểm đến này có chi phí dịch vụ expensive (đánh giá trung bình 4.8/5), thích hợp nhất để du lịch vào summer.",https://images.unsplash.com/photo-1516026672322-bc52d61a55d5?w=1200&dest=lushforestkenya1999950243300854035
Amazon Rainforest,Brazil,South America,Nature,108.04,Summer,4.4,8.7,No,Nature,Moderate,🇧🇷,Americas,South America,BRL,R$,Portuguese,Brasilia,UTC-03:00,211000000.0,8515767.0,BR,BRA,"AR, BO, CO, GF, GY, PY, PE, SR, UY, VE",-14.235,-51.9253,21,High,Summer,Ancient Forest (Brazil),4.4,0,61.4,34.0,10.0,23.0,29.0,26.0,33.0,15.0,15.0,-14.336,-51.9615,Moderate,2,"Nếu bạn đang lên kế hoạch du lịch nature, Ancient Forest (Brazil) ở Brazil chính là lựa chọn lý tưởng. Với mức xếp hạng 4.4/5 sao từ cộng đồng du khách và chi phí du lịch thuộc phân khúc moderate, nơi này hứa hẹn kỳ nghỉ tuyệt vời vào summer.",https://images.unsplash.com/photo-1518639192441-8fce0a366e2e?w=1200&dest=ancientforestbrazil309120559063682974
Christ the Redeemer,Brazil,South America,Religious,74.59,Spring,4.8,1.1,Yes,Heritage,Budget,🇧🇷,Americas,South America,BRL,R$,Portuguese,Brasilia,UTC-03:00,211000000.0,8515767.0,BR,BRA,"AR, BO, CO, GF, GY, PY, PE, SR, UY, VE",-14.235,-51.9253,22,Medium,Spring,Grand Ruins (Brazil),4.8,0,50.2,34.0,10.0,23.0,29.0,26.0,33.0,15.0,15.0,-14.3191,-51.978,Budget,2,"Khám phá nét độc đáo của Grand Ruins (Brazil) - điểm du lịch religious đặc sắc tại Brazil. Nơi đây thu hút du khách nhờ các hoạt động trải nghiệm hấp dẫn vào spring, mức chi phí budget cùng điểm số đánh giá 4.8/5 ấn tượng.",https://images.unsplash.com/photo-1483729558449-99ef09a8c325?w=1200&dest=grandruinsbrazil3176956401692599695
Goa Beaches,India,Asia,Beach,94.68,Spring,4.1,7.43,No,Nature,Moderate,🇮🇳,Asia,Southern Asia,INR,₹,"Hindi, English",New Delhi,UTC+05:30,1380000000.0,3287263.0,IN,IND,"BD, BT, CN, MMR, NPL, PK",20.5937,78.9629,23,High,Spring,Mystic Forest (India),4.1,0,55.86,25.0,6.0,16.0,25.0,18.0,48.0,45.0,45.0,20.5124,78.8225,Moderate,2,"Khám phá Mystic Forest (India) tại India, một điểm đến beach tuyệt vời với phong cảnh đẹp và bầu không khí trong lành. Điểm đến này có chi phí dịch vụ moderate (đánh giá trung bình 4.1/5), thích hợp nhất để du lịch vào spring.",https://images.unsplash.com/photo-1524492412937-b28074a5d7da?w=1200&dest=mysticforestindia7460919370976695220
Acropolis of Athens,Greece,Europe,Religious,191.74,Spring,4.6,4.99,No,Heritage,Expensive,🇬🇷,Europe,Southern Europe,EUR,€,Greek,Athens,UTC+02:00,10700000.0,131957.0,GR,GRC,"AL, BG, TR, MKD",39.0742,21.8243,24,High,Spring,Sacred Park (Greece),4.6,0,55.98,55.0,18.0,37.0,44.0,52.0,43.0,18.0,18.0,39.0445,21.6942,Expensive,4,"Sacred Park (Greece) là địa danh religious nổi tiếng hàng đầu tại Greece. Được đánh giá 4.6/5 sao nhờ trải nghiệm độc đáo, địa điểm này có chi phí expensive và thời điểm ghé thăm hoàn hảo nhất là vào spring.",https://images.unsplash.com/photo-1503152394-c571994fd383?w=1200&dest=sacredparkgreece3583757416366998372
Vancouver,Canada,North America,City,168.08,Spring,4.3,7.73,No,Modern,Expensive,🇨🇦,Americas,Northern America,CAD,$,"English, French",Ottawa,UTC-05:00,38000000.0,9984670.0,CA,CAN,US,56.1304,-106.3468,25,High,Spring,Sacred Forest (Canada),4.3,0,58.46,70.0,34.0,53.0,66.0,64.0,90.0,8.0,8.0,56.2433,-106.4024,Expensive,3,"Khám phá nét độc đáo của Sacred Forest (Canada) - điểm du lịch city đặc sắc tại Canada. Nơi đây thu hút du khách nhờ các hoạt động trải nghiệm hấp dẫn vào spring, mức chi phí expensive cùng điểm số đánh giá 4.3/5 ấn tượng.",https://images.unsplash.com/photo-1517935706615-2717063c2225?w=1200&dest=sacredforestcanada5754591203359239896
Gorges du Verdon,France,Europe,Nature,224.77,Spring,4.6,5.19,No,Nature,Expensive,🇫🇷,Europe,Western Europe,EUR,€,French,Paris,UTC+01:00,67400000.0,643801.0,FR,FRA,"AD, BE, DE, IT, LU, MC, ES, CH",46.2276,2.2137,26,High,Spring,Ancient Falls (France),4.6,0,56.38,74.0,30.0,53.0,68.0,72.0,85.0,10.0,10.0,46.1963,2.3381,Expensive,3,"Trải nghiệm hành trình du lịch nature thú vị tại Ancient Falls (France) (France). Điểm đến này mang lại cảnh sắc say đắm lòng người, chi phí thuộc mức expensive, đánh giá cao 4.6/5 và rất thích hợp cho chuyến đi vào spring.",https://images.unsplash.com/photo-1550340499-a6c60fc8287c?w=1200&dest=ancientfallsfrance7710795896205312069
Buenos Aires,Argentina,South America,City,30.0,Summer,4.7,0.74,Yes,Modern,Budget,🇦🇷,Americas,South America,ARS,$,Spanish,Buenos Aires,UTC-03:00,45000000.0,2780400.0,AR,ARG,"BO, BR, CL, PY, UY",-38.4161,-63.6167,27,Medium,Summer,Ancient Valley (Argentina),4.7,0,48.48,30.0,8.0,20.0,28.0,25.0,35.0,14.0,14.0,-38.5232,-63.7248,Budget,2,"Trải nghiệm hành trình du lịch city thú vị tại Ancient Valley (Argentina) (Argentina). Điểm đến này mang lại cảnh sắc say đắm lòng người, chi phí thuộc mức budget, đánh giá cao 4.7/5 và rất thích hợp cho chuyến đi vào summer.",https://images.unsplash.com/photo-1589802829985-817e51171b92?w=1200&dest=ancientvalleyargenti5753497122794247796
Phu Quoc Island,Vietnam,Asia,Beach,79.06,Winter,4.8,5.33,Yes,Nature,Budget,🇻🇳,Asia,South-Eastern Asia,VND,₫,Vietnamese,Hanoi,UTC+07:00,97300000.0,331210.0,VN,VNM,"KH, CN, LA",14.0583,108.2772,28,High,Winter,Lush Forest (Vietnam),4.8,0,58.66,35.0,12.0,24.0,35.0,20.0,28.0,26.0,26.0,14.07,108.3513,Budget,2,"Khám phá nét độc đáo của Lush Forest (Vietnam) - điểm du lịch beach đặc sắc tại Vietnam. Nơi đây thu hút du khách nhờ các hoạt động trải nghiệm hấp dẫn vào winter, mức chi phí budget cùng điểm số đánh giá 4.8/5 ấn tượng.",https://images.unsplash.com/photo-1559592413-7cec4d0cae2b?w=1200&dest=lushforestvietnam8282169759498791525
Statue of Liberty,USA,North America,Historical,139.02,Autumn,4.6,4.4,No,Heritage,Moderate,🇺🇸,Americas,Northern America,USD,$,English,Washington D.C.,UTC-05:00,331000000.0,9833517.0,US,USA,"CA, MX",37.0902,-95.7129,29,High,Autumn,Sacred Temple (USA),4.6,0,54.8,70.0,40.0,56.0,71.0,70.0,110.0,9.0,9.0,37.2095,-95.7431,Moderate,0,"Trải nghiệm hành trình du lịch historical thú vị tại Sacred Temple (USA) (USA). Điểm đến này mang lại cảnh sắc say đắm lòng người, chi phí thuộc mức moderate, đánh giá cao 4.6/5 và rất thích hợp cho chuyến đi vào autumn.",https://images.unsplash.com/photo-1501594907352-04cda38ebc29?w=1200&dest=sacredtempleusa205758708758714317
Perito Moreno Glacier,Argentina,South America,Adventure,110.54,Spring,4.7,1.23,No,Adventure,Moderate,🇦🇷,Americas,South America,ARS,$,Spanish,Buenos Aires,UTC-03:00,45000000.0,2780400.0,AR,ARG,"BO, BR, CL, PY, UY",-38.4161,-63.6167,30,Medium,Spring,Sacred Pagoda (Argentina),4.7,0,49.46,30.0,8.0,20.0,28.0,25.0,35.0,14.0,14.0,-38.2669,-63.7252,Moderate,2,"Nếu bạn đang lên kế hoạch du lịch adventure, Sacred Pagoda (Argentina) ở Argentina chính là lựa chọn lý tưởng. Với mức xếp hạng 4.7/5 sao từ cộng đồng du khách và chi phí du lịch thuộc phân khúc moderate, nơi này hứa hẹn kỳ nghỉ tuyệt vời vào spring.",https://images.unsplash.com/photo-1589909202802-8f4aadce1849?w=1200&dest=sacredpagodaargentin7438843962481360345
Santorini,Greece,Europe,City,109.58,Winter,4.3,9.33,Yes,Modern,Moderate,🇬🇷,Europe,Southern Europe,EUR,€,Greek,Athens,UTC+02:00,10700000.0,131957.0,GR,GRC,"AL, BG, TR, MKD",39.0742,21.8243,31,High,Winter,Golden Park (Greece),4.3,0,61.66,55.0,18.0,37.0,44.0,52.0,43.0,18.0,18.0,38.9515,21.6884,Moderate,4,"Trải nghiệm hành trình du lịch city thú vị tại Golden Park (Greece) (Greece). Điểm đến này mang lại cảnh sắc say đắm lòng người, chi phí thuộc mức moderate, đánh giá cao 4.3/5 và rất thích hợp cho chuyến đi vào winter.",https://images.unsplash.com/photo-1533105079780-92b9be482077?w=1200&dest=goldenparkgreece3084498114905543235
Queenstown,New Zealand,Oceania,City,175.07,Winter,4.8,8.78,Yes,Modern,Expensive,🇳🇿,Oceania,Australia and New Zealand,NZD,$,"English, Maori",Wellington,UTC+12:00,5000000.0,268021.0,NZ,NZL,,-40.9006,174.886,32,High,Winter,Golden Temple (New Zealand),4.8,0,65.56,72.0,32.0,53.0,68.0,65.0,85.0,6.0,6.0,-41.0047,174.784,Expensive,3,"Khám phá Golden Temple (New Zealand) tại New Zealand, một điểm đến city tuyệt vời với phong cảnh đẹp và bầu không khí trong lành. Điểm đến này có chi phí dịch vụ expensive (đánh giá trung bình 4.8/5), thích hợp nhất để du lịch vào winter.",https://images.unsplash.com/photo-1489074821641-e5c0c8794882?w=1200&dest=goldentemplenewzeala2080981195124964359
Barceloneta Beach,Spain,Europe,Beach,123.51,Spring,4.7,8.98,Yes,Nature,Moderate,🇪🇸,Europe,Southern Europe,EUR,€,Spanish,Madrid,UTC+01:00,47400000.0,505990.0,ES,ESP,"AD, FR, GI, PT, MA",40.4637,-3.7492,33,High,Spring,Serene Canyon (Spain),4.7,0,64.96,54.0,22.0,39.0,45.0,50.0,70.0,11.0,11.0,40.4926,-3.7838,Moderate,4,"Trải nghiệm hành trình du lịch beach thú vị tại Serene Canyon (Spain) (Spain). Điểm đến này mang lại cảnh sắc say đắm lòng người, chi phí thuộc mức moderate, đánh giá cao 4.7/5 và rất thích hợp cho chuyến đi vào spring.",https://images.unsplash.com/photo-1552465011-b4e21bf6e79a?w=1200&dest=serenecanyonspain5548550944796404273
Amboseli National Park,Kenya,Africa,Adventure,218.59,Winter,4.6,9.01,No,Adventure,Expensive,🇰🇪,Africa,Eastern Africa,KES,Sh,"Swahili, English",Nairobi,UTC+03:00,53700000.0,580367.0,KE,KEN,"ET, SO, SS, TZ, UG",-0.0236,37.9062,34,High,Winter,Lush Temple (Kenya),4.6,1,64.02,32.0,10.0,21.0,31.0,25.0,27.0,18.0,18.0,0.1252,37.9149,Expensive,1,"Khám phá nét độc đáo của Lush Temple (Kenya) - điểm du lịch adventure đặc sắc tại Kenya. Nơi đây thu hút du khách nhờ các hoạt động trải nghiệm hấp dẫn vào winter, mức chi phí expensive cùng điểm số đánh giá 4.6/5 ấn tượng.",https://images.unsplash.com/photo-1547970810-dc1eac37d174?w=1200&dest=lushtemplekenya7484326344887433448
Phong Nha-Ke Bang National Park,Vietnam,Asia,Adventure,114.9,Winter,4.4,2.67,Yes,Adventure,Moderate,🇻🇳,Asia,South-Eastern Asia,VND,₫,Vietnamese,Hanoi,UTC+07:00,97300000.0,331210.0,VN,VNM,"KH, CN, LA",14.0583,108.2772,35,High,Winter,Grand Falls (Vietnam),4.4,1,49.34,35.0,12.0,24.0,35.0,20.0,28.0,26.0,26.0,14.1665,108.1306,Moderate,2,"Khám phá nét độc đáo của Grand Falls (Vietnam) - điểm du lịch adventure đặc sắc tại Vietnam. Nơi đây thu hút du khách nhờ các hoạt động trải nghiệm hấp dẫn vào winter, mức chi phí moderate cùng điểm số đánh giá 4.4/5 ấn tượng.",https://images.unsplash.com/photo-1528127269322-539801943592?w=1200&dest=grandfallsvietnam6047361370873694423
Phi Phi Islands,Thailand,Asia,Adventure,213.69,Autumn,4.4,8.68,No,Adventure,Expensive,🇹🇭,Asia,South-Eastern Asia,THB,฿,Thai,Bangkok,UTC+07:00,69800000.0,513120.0,TH,THA,"KH, LA, MMR, MY",15.87,100.9925,36,High,Autumn,Golden Valley (Thailand),4.4,0,61.36,38.0,15.0,27.0,39.0,25.0,35.0,22.0,22.0,15.9245,101.0036,Expensive,1,"Khám phá Golden Valley (Thailand) tại Thailand, một điểm đến adventure tuyệt vời với phong cảnh đẹp và bầu không khí trong lành. Điểm đến này có chi phí dịch vụ expensive (đánh giá trung bình 4.4/5), thích hợp nhất để du lịch vào autumn.",https://images.unsplash.com/photo-1506665531195-3566af2b4dfa?w=1200&dest=goldenvalleythailand9136429444320398141
Dolomites,Italy,Europe,Adventure,150.26,Spring,4.4,4.47,No,Adventure,Expensive,🇮🇹,Europe,Southern Europe,EUR,€,Italian,Rome,UTC+01:00,59600000.0,301340.0,IT,ITA,"AT, FR, SM, CH, SI, VA",41.8719,12.5674,37,High,Spring,Ancient Temple (Italy),4.4,0,52.94,60.0,24.0,43.0,50.0,56.0,65.0,16.0,16.0,41.9525,12.5195,Expensive,4,"Ancient Temple (Italy) là địa danh adventure nổi tiếng hàng đầu tại Italy. Được đánh giá 4.4/5 sao nhờ trải nghiệm độc đáo, địa điểm này có chi phí expensive và thời điểm ghé thăm hoàn hảo nhất là vào spring.",https://images.unsplash.com/photo-1520175480921-4edfa2983e0f?w=1200&dest=ancienttempleitaly2980956329980981885
Quebec City,Canada,North America,City,130.22,Autumn,4.4,3.71,Yes,Modern,Moderate,🇨🇦,Americas,Northern America,CAD,$,"English, French",Ottawa,UTC-05:00,38000000.0,9984670.0,CA,CAN,US,56.1304,-106.3468,38,High,Autumn,Mystic Canyon (Canada),4.4,0,51.42,70.0,34.0,53.0,66.0,64.0,90.0,8.0,8.0,56.1108,-106.3607,Moderate,0,"Mystic Canyon (Canada) là địa danh city nổi tiếng hàng đầu tại Canada. Được đánh giá 4.4/5 sao nhờ trải nghiệm độc đáo, địa điểm này có chi phí moderate và thời điểm ghé thăm hoàn hảo nhất là vào autumn.",https://images.unsplash.com/photo-1503614472-8c93d56e92ce?w=1200&dest=mysticcanyoncanada6427162083614020170
Jaipur,India,Asia,City,141.94,Summer,4.6,5.43,No,Modern,Moderate,🇮🇳,Asia,Southern Asia,INR,₹,"Hindi, English",New Delhi,UTC+05:30,1380000000.0,3287263.0,IN,IND,"BD, BT, CN, MMR, NPL, PK",20.5937,78.9629,39,High,Summer,Sacred Valley (India),4.6,4,56.86,25.0,6.0,16.0,25.0,18.0,48.0,45.0,45.0,20.7353,79.0415,Moderate,5,"Sacred Valley (India) là địa danh city nổi tiếng hàng đầu tại India. Được đánh giá 4.6/5 sao nhờ trải nghiệm độc đáo, địa điểm này có chi phí moderate và thời điểm ghé thăm hoàn hảo nhất là vào summer.",https://images.unsplash.com/photo-1564507592333-c60657eea523?w=1200&dest=sacredvalleyindia2378269501016507143
Vatican City,Italy,Europe,Religious,102.85,Summer,4.9,9.73,No,Heritage,Moderate,🇮🇹,Europe,Southern Europe,EUR,€,Italian,Rome,UTC+01:00,59600000.0,301340.0,IT,ITA,"AT, FR, SM, CH, SI, VA",41.8719,12.5674,40,High,Summer,Serene Ruins (Italy),4.9,1,68.46,60.0,24.0,43.0,50.0,56.0,65.0,16.0,16.0,41.9957,12.6786,Moderate,4,"Khám phá nét độc đáo của Serene Ruins (Italy) - điểm du lịch religious đặc sắc tại Italy. Nơi đây thu hút du khách nhờ các hoạt động trải nghiệm hấp dẫn vào summer, mức chi phí moderate cùng điểm số đánh giá 4.9/5 ấn tượng.",https://images.unsplash.com/photo-1529260830199-42c24126f198?w=1200&dest=sereneruinsitaly3319232366448142659
Sharm El Sheikh,Egypt,Africa,Beach,216.54,Autumn,4.8,8.06,No,Nature,Expensive,🇪🇬,Africa,Northern Africa,EGP,E£,Arabic,Cairo,UTC+02:00,102000000.0,1002450.0,EG,EGY,"IL, LY, SD",26.8206,30.8025,81,High,Autumn,Serene Plaza (Egypt),4.8,0,64.12,28.0,6.0,17.0,26.0,20.0,22.0,35.0,35.0,26.9464,30.8118,Expensive,1,"Khám phá nét độc đáo của Serene Plaza (Egypt) - điểm du lịch beach đặc sắc tại Egypt. Nơi đây thu hút du khách nhờ các hoạt động trải nghiệm hấp dẫn vào autumn, mức chi phí expensive cùng điểm số đánh giá 4.8/5 ấn tượng.",https://images.unsplash.com/photo-1568322445389-f64ac2515020?w=1200&dest=sereneplazaegypt6668816036081186778
Wat Arun (Bangkok),Thailand,Asia,City,158.25,Winter,4.2,0.84,No,Modern,Expensive,🇹🇭,Asia,South-Eastern Asia,THB,฿,Thai,Bangkok,UTC+07:00,69800000.0,513120.0,TH,THA,"KH, LA, MMR, MY",15.87,100.9925,83,Medium,Winter,Sacred Pagoda (Thailand),4.2,0,43.68,38.0,15.0,27.0,39.0,25.0,35.0,22.0,22.0,15.7406,100.8629,Expensive,5,"Nếu bạn đang lên kế hoạch du lịch city, Sacred Pagoda (Thailand) ở Thailand chính là lựa chọn lý tưởng. Với mức xếp hạng 4.2/5 sao từ cộng đồng du khách và chi phí du lịch thuộc phân khúc expensive, nơi này hứa hẹn kỳ nghỉ tuyệt vời vào winter.",https://images.unsplash.com/photo-1552465011-b4e21bf6e79a?w=1200&dest=sacredpagodathailand3095920123814390590
Black Forest,Germany,Europe,Adventure,129.27,Spring,4.5,0.85,No,Adventure,Moderate,🇩🇪,Europe,Western Europe,EUR,€,German,Berlin,UTC+01:00,83100000.0,357022.0,DE,DEU,"DK, PL, CZ, AT, CH, FR, LU, BE, NL",51.1657,10.4515,85,Medium,Spring,Lush Park (Germany),4.5,0,46.7,65.0,28.0,47.0,52.0,58.0,95.0,12.0,12.0,51.0896,10.4799,Moderate,0,"Khám phá nét độc đáo của Lush Park (Germany) - điểm du lịch adventure đặc sắc tại Germany. Nơi đây thu hút du khách nhờ các hoạt động trải nghiệm hấp dẫn vào spring, mức chi phí moderate cùng điểm số đánh giá 4.5/5 ấn tượng.",https://images.unsplash.com/photo-1543629795-6c3e5d3e7e14?w=1200&dest=lushparkgermany7746215471487927044
Hassan II Mosque (Casablanca),Morocco,Africa,City,113.48,Spring,4.6,0.99,No,Modern,Moderate,🇲🇦,Africa,Northern Africa,MAD,DH,Arabic,Rabat,UTC+01:00,36900000.0,446550.0,MA,MAR,"DZ, EH, ES",31.7917,-7.0926,88,Medium,Spring,Crystal Temple (Morocco),4.6,0,47.98,30.0,9.0,20.0,27.0,22.0,32.0,28.0,28.0,31.8426,-7.1483,Moderate,2,"Nếu bạn đang lên kế hoạch du lịch city, Crystal Temple (Morocco) ở Morocco chính là lựa chọn lý tưởng. Với mức xếp hạng 4.6/5 sao từ cộng đồng du khách và chi phí du lịch thuộc phân khúc moderate, nơi này hứa hẹn kỳ nghỉ tuyệt vời vào spring.",https://images.unsplash.com/photo-1511715282680-fbf93a50e721?w=1200&dest=crystaltemplemorocco4106512701864076821
"Pelourinho, Salvador",Brazil,South America,Historical,269.45,Spring,5.0,6.56,No,Heritage,Luxury,🇧🇷,Americas,South America,BRL,R$,Portuguese,Brasilia,UTC-03:00,211000000.0,8515767.0,BR,BRA,"AR, BO, CO, GF, GY, PY, PE, SR, UY, VE",-14.235,-51.9253,89,High,Spring,Ancient Ruins (Brazil),5.0,0,63.12,34.0,10.0,23.0,29.0,26.0,33.0,15.0,15.0,-14.2663,-51.8738,Luxury,1,"Ancient Ruins (Brazil) là địa danh historical nổi tiếng hàng đầu tại Brazil. Được đánh giá 5.0/5 sao nhờ trải nghiệm độc đáo, địa điểm này có chi phí luxury và thời điểm ghé thăm hoàn hảo nhất là vào spring.",https://images.unsplash.com/photo-1483729558449-99ef09a8c325?w=1200&dest=ancientruinsbrazil223083543841106485
Neuschwanstein Castle,Germany,Europe,City,48.74,Autumn,4.6,8.05,No,Modern,Budget,🇩🇪,Europe,Western Europe,EUR,€,German,Berlin,UTC+01:00,83100000.0,357022.0,DE,DEU,"DK, PL, CZ, AT, CH, FR, LU, BE, NL",51.1657,10.4515,90,High,Autumn,Serene Valley (Germany),4.6,0,62.1,65.0,28.0,47.0,52.0,58.0,95.0,12.0,12.0,51.1529,10.5802,Budget,0,"Serene Valley (Germany) là địa danh city nổi tiếng hàng đầu tại Germany. Được đánh giá 4.6/5 sao nhờ trải nghiệm độc đáo, địa điểm này có chi phí budget và thời điểm ghé thăm hoàn hảo nhất là vào autumn.",https://images.unsplash.com/photo-1467269204594-9661b134dd2b?w=1200&dest=serenevalleygermany108392480125504435
Banff National Park,Canada,North America,Adventure,175.25,Autumn,4.8,4.39,No,Adventure,Expensive,🇨🇦,Americas,Northern America,CAD,$,"English, French",Ottawa,UTC-05:00,38000000.0,9984670.0,CA,CAN,US,56.1304,-106.3468,91,High,Autumn,Golden Park (Canada),4.8,0,56.78,70.0,34.0,53.0,66.0,64.0,90.0,8.0,8.0,55.9832,-106.3105,Expensive,3,"Khám phá Golden Park (Canada) tại Canada, một điểm đến adventure tuyệt vời với phong cảnh đẹp và bầu không khí trong lành. Điểm đến này có chi phí dịch vụ expensive (đánh giá trung bình 4.8/5), thích hợp nhất để du lịch vào autumn.",https://images.unsplash.com/photo-1517935706615-2717063c2225?w=1200&dest=goldenparkcanada3644339789963005411
Zhangjiajie National Forest Park,China,Asia,Adventure,133.29,Summer,4.4,2.88,No,Adventure,Moderate,🇨🇳,Asia,Eastern Asia,CNY,¥,Chinese,Beijing,UTC+08:00,1400000000.0,9596961.0,CN,CHN,"AF, BT, MMR, IN, KZ, KG, LA, MNG, NPL, KP, PK, RU, TJ, VN",35.8617,104.1954,92,High,Summer,Crystal Plaza (China),4.4,0,49.76,40.0,16.0,29.0,40.0,28.0,60.0,25.0,25.0,36.0105,104.0674,Moderate,5,"Khám phá nét độc đáo của Crystal Plaza (China) - điểm du lịch adventure đặc sắc tại China. Nơi đây thu hút du khách nhờ các hoạt động trải nghiệm hấp dẫn vào summer, mức chi phí moderate cùng điểm số đánh giá 4.4/5 ấn tượng.",https://images.unsplash.com/photo-1545893835-abaa50cbe628?w=1200&dest=crystalplazachina6298212717098663619
Jaipur (Pink City),India,Asia,City,74.03,Summer,4.4,3.88,No,Modern,Budget,🇮🇳,Asia,Southern Asia,INR,₹,"Hindi, English",New Delhi,UTC+05:30,1380000000.0,3287263.0,IN,IND,"BD, BT, CN, MMR, NPL, PK",20.5937,78.9629,95,High,Summer,Golden Valley (India),4.4,0,51.76,25.0,6.0,16.0,25.0,18.0,48.0,45.0,45.0,20.5292,78.9444,Budget,2,"Golden Valley (India) là địa danh city nổi tiếng hàng đầu tại India. Được đánh giá 4.4/5 sao nhờ trải nghiệm độc đáo, địa điểm này có chi phí budget và thời điểm ghé thăm hoàn hảo nhất là vào summer.",https://images.unsplash.com/photo-1524492412937-b28074a5d7da?w=1200&dest=goldenvalleyindia5700466043710429300
Essaouira Beach,Morocco,Africa,Adventure,138.13,Winter,5.0,1.43,No,Adventure,Moderate,🇲🇦,Africa,Northern Africa,MAD,DH,Arabic,Rabat,UTC+01:00,36900000.0,446550.0,MA,MAR,"DZ, EH, ES",31.7917,-7.0926,96,Medium,Winter,Mystic Beach (Morocco),5.0,1,52.86,30.0,9.0,20.0,27.0,22.0,32.0,28.0,28.0,31.8528,-7.0591,Moderate,5,"Khám phá nét độc đáo của Mystic Beach (Morocco) - điểm du lịch adventure đặc sắc tại Morocco. Nơi đây thu hút du khách nhờ các hoạt động trải nghiệm hấp dẫn vào winter, mức chi phí moderate cùng điểm số đánh giá 5.0/5 ấn tượng.",https://images.unsplash.com/photo-1511715282680-fbf93a50e721?w=1200&dest=mysticbeachmorocco1579133718949424171
Iguazu Falls,Brazil,South America,Adventure,30.0,Spring,4.2,2.15,Yes,Adventure,Budget,🇧🇷,Americas,South America,BRL,R$,Portuguese,Brasilia,UTC-03:00,211000000.0,8515767.0,BR,BRA,"AR, BO, CO, GF, GY, PY, PE, SR, UY, VE",-14.235,-51.9253,97,High,Spring,Hidden Falls (Brazil),4.2,0,46.3,34.0,10.0,23.0,29.0,26.0,33.0,15.0,15.0,-14.3827,-51.8302,Budget,2,"Khám phá nét độc đáo của Hidden Falls (Brazil) - điểm du lịch adventure đặc sắc tại Brazil. Nơi đây thu hút du khách nhờ các hoạt động trải nghiệm hấp dẫn vào spring, mức chi phí budget cùng điểm số đánh giá 4.2/5 ấn tượng.",https://images.unsplash.com/photo-1516834474-48c0abc2a902?w=1200&dest=hiddenfallsbrazil8786348366495883381
Forbidden City,China,Asia,Historical,50.25,Autumn,4.1,6.35,Yes,Heritage,Budget,🇨🇳,Asia,Eastern Asia,CNY,¥,Chinese,Beijing,UTC+08:00,1400000000.0,9596961.0,CN,CHN,"AF, BT, MMR, IN, KZ, KG, LA, MNG, NPL, KP, PK, RU, TJ, VN",35.8617,104.1954,98,High,Autumn,Ancient Pagoda (China),4.1,0,53.7,40.0,16.0,29.0,40.0,28.0,60.0,25.0,25.0,35.9912,104.0765,Budget,2,"Ancient Pagoda (China) là địa danh historical nổi tiếng hàng đầu tại China. Được đánh giá 4.1/5 sao nhờ trải nghiệm độc đáo, địa điểm này có chi phí budget và thời điểm ghé thăm hoàn hảo nhất là vào autumn.",https://images.unsplash.com/photo-1537819191377-d3305ffddce4?w=1200&dest=ancientpagodachina2525879328008781452
Notre Dame Cathedral (Paris),France,Europe,Religious,128.0,Summer,4.5,4.06,No,Heritage,Moderate,🇫🇷,Europe,Western Europe,EUR,€,French,Paris,UTC+01:00,67400000.0,643801.0,FR,FRA,"AD, BE, DE, IT, LU, MC, ES, CH",46.2276,2.2137,99,High,Summer,Hidden Temple (France),4.5,33,53.12,74.0,30.0,53.0,68.0,72.0,85.0,10.0,10.0,46.1569,2.3306,Moderate,0,"Nếu bạn đang lên kế hoạch du lịch religious, Hidden Temple (France) ở France chính là lựa chọn lý tưởng. Với mức xếp hạng 4.5/5 sao từ cộng đồng du khách và chi phí du lịch thuộc phân khúc moderate, nơi này hứa hẹn kỳ nghỉ tuyệt vời vào summer.",https://images.unsplash.com/photo-1549144511-f099e773c147?w=1200&dest=hiddentemplefrance8056889600799137303
Loire Valley,France,Europe,Nature,100.92,Winter,4.6,1.17,Yes,Nature,Moderate,🇫🇷,Europe,Western Europe,EUR,€,French,Paris,UTC+01:00,67400000.0,643801.0,FR,FRA,"AD, BE, DE, IT, LU, MC, ES, CH",46.2276,2.2137,100,Medium,Winter,Lush Valley (France),4.6,0,48.34,74.0,30.0,53.0,68.0,72.0,85.0,10.0,10.0,46.1242,2.1482,Moderate,0,"Khám phá nét độc đáo của Lush Valley (France) - điểm du lịch nature đặc sắc tại France. Nơi đây thu hút du khách nhờ các hoạt động trải nghiệm hấp dẫn vào winter, mức chi phí moderate cùng điểm số đánh giá 4.6/5 ấn tượng.",https://images.unsplash.com/photo-1511739001486-6bfe10ce785f?w=1200&dest=lushvalleyfrance8917248374337090557
Table Mountain (Cape Town),South Africa,Africa,City,139.88,Autumn,4.5,6.06,No,Modern,Moderate,🇿🇦,Africa,Southern Africa,ZAR,R,"Zulu, Xhosa, Afrikaans, English",Pretoria,UTC+02:00,59300000.0,1221037.0,ZA,ZAF,"BW, LS, MZ, NA, SZ, ZW",-30.5595,22.9375,101,High,Autumn,Hidden Ruins (South Africa),4.5,0,57.12,38.0,14.0,26.0,34.0,32.0,73.0,22.0,22.0,-30.4942,22.8486,Moderate,5,"Nếu bạn đang lên kế hoạch du lịch city, Hidden Ruins (South Africa) ở South Africa chính là lựa chọn lý tưởng. Với mức xếp hạng 4.5/5 sao từ cộng đồng du khách và chi phí du lịch thuộc phân khúc moderate, nơi này hứa hẹn kỳ nghỉ tuyệt vời vào autumn.",https://images.unsplash.com/photo-1580408041445-3966bb7ed408?w=1200&dest=hiddenruinssouthafri516418411305098272
White Desert National Park,Egypt,Africa,Nature,155.68,Summer,4.7,4.19,No,Nature,Expensive,🇪🇬,Africa,Northern Africa,EGP,E£,Arabic,Cairo,UTC+02:00,102000000.0,1002450.0,EG,EGY,"IL, LY, SD",26.8206,30.8025,102,High,Summer,Mystic Canyon (Egypt),4.7,0,55.38,28.0,6.0,17.0,26.0,20.0,22.0,35.0,35.0,26.8222,30.7278,Expensive,5,"Mystic Canyon (Egypt) là địa danh nature nổi tiếng hàng đầu tại Egypt. Được đánh giá 4.7/5 sao nhờ trải nghiệm độc đáo, địa điểm này có chi phí expensive và thời điểm ghé thăm hoàn hảo nhất là vào summer.",https://images.unsplash.com/photo-1572252009286-268acec5ca0a?w=1200&dest=mysticcanyonegypt2314539174531373846
Meteora,Greece,Europe,Nature,119.24,Summer,5.0,5.68,No,Nature,Moderate,🇬🇷,Europe,Southern Europe,EUR,€,Greek,Athens,UTC+02:00,10700000.0,131957.0,GR,GRC,"AL, BG, TR, MKD",39.0742,21.8243,103,High,Summer,Grand Plaza (Greece),5.0,0,61.36,55.0,18.0,37.0,44.0,52.0,43.0,18.0,18.0,38.9519,21.8014,Moderate,4,"Khám phá Grand Plaza (Greece) tại Greece, một điểm đến nature tuyệt vời với phong cảnh đẹp và bầu không khí trong lành. Điểm đến này có chi phí dịch vụ moderate (đánh giá trung bình 5.0/5), thích hợp nhất để du lịch vào summer.",https://images.unsplash.com/photo-1516298340221-0aa6eb47ad87?w=1200&dest=grandplazagreece3210457089427789598
"Tofino, Vancouver Island",Canada,North America,Beach,142.41,Winter,4.7,9.63,Yes,Nature,Moderate,🇨🇦,Americas,Northern America,CAD,$,"English, French",Ottawa,UTC-05:00,38000000.0,9984670.0,CA,CAN,US,56.1304,-106.3468,104,High,Winter,Crystal Park (Canada),4.7,0,66.26,70.0,34.0,53.0,66.0,64.0,90.0,8.0,8.0,55.9936,-106.3967,Moderate,0,"Crystal Park (Canada) là địa danh beach nổi tiếng hàng đầu tại Canada. Được đánh giá 4.7/5 sao nhờ trải nghiệm độc đáo, địa điểm này có chi phí moderate và thời điểm ghé thăm hoàn hảo nhất là vào winter.",https://images.unsplash.com/photo-1517935706615-2717063c2225?w=1200&dest=crystalparkcanada6484207591303321496
Santorini Caldera,Greece,Europe,Nature,125.68,Summer,4.6,3.53,No,Nature,Moderate,🇬🇷,Europe,Southern Europe,EUR,€,Greek,Athens,UTC+02:00,10700000.0,131957.0,GR,GRC,"AL, BG, TR, MKD",39.0742,21.8243,105,High,Summer,Grand Falls (Greece),4.6,0,53.06,55.0,18.0,37.0,44.0,52.0,43.0,18.0,18.0,39.1153,21.7529,Moderate,4,"Nếu bạn đang lên kế hoạch du lịch nature, Grand Falls (Greece) ở Greece chính là lựa chọn lý tưởng. Với mức xếp hạng 4.6/5 sao từ cộng đồng du khách và chi phí du lịch thuộc phân khúc moderate, nơi này hứa hẹn kỳ nghỉ tuyệt vời vào summer.",https://images.unsplash.com/photo-1516298340221-0aa6eb47ad87?w=1200&dest=grandfallsgreece7867724657559102703
Samaria Gorge,Greece,Europe,Adventure,197.6,Spring,4.9,8.84,No,Adventure,Expensive,🇬🇷,Europe,Southern Europe,EUR,€,Greek,Athens,UTC+02:00,10700000.0,131957.0,GR,GRC,"AL, BG, TR, MKD",39.0742,21.8243,107,High,Spring,Lush Ruins (Greece),4.9,0,66.68,55.0,18.0,37.0,44.0,52.0,43.0,18.0,18.0,38.9578,21.9578,Expensive,4,"Khám phá Lush Ruins (Greece) tại Greece, một điểm đến adventure tuyệt vời với phong cảnh đẹp và bầu không khí trong lành. Điểm đến này có chi phí dịch vụ expensive (đánh giá trung bình 4.9/5), thích hợp nhất để du lịch vào spring.",https://images.unsplash.com/photo-1516298340221-0aa6eb47ad87?w=1200&dest=lushruinsgreece1796931711024170283
Rishikesh,India,Asia,Adventure,177.59,Spring,4.3,8.16,No,Adventure,Expensive,🇮🇳,Asia,Southern Asia,INR,₹,"Hindi, English",New Delhi,UTC+05:30,1380000000.0,3287263.0,IN,IND,"BD, BT, CN, MMR, NPL, PK",20.5937,78.9629,108,High,Spring,Serene Valley (India),4.3,0,59.32,25.0,6.0,16.0,25.0,18.0,48.0,45.0,45.0,20.6074,79.0633,Expensive,5,"Nếu bạn đang lên kế hoạch du lịch adventure, Serene Valley (India) ở India chính là lựa chọn lý tưởng. Với mức xếp hạng 4.3/5 sao từ cộng đồng du khách và chi phí du lịch thuộc phân khúc expensive, nơi này hứa hẹn kỳ nghỉ tuyệt vời vào spring.",https://images.unsplash.com/photo-1564507592333-c60657eea523?w=1200&dest=serenevalleyindia6406185676464173848
Chamonix-Mont-Blanc,France,Europe,Adventure,116.54,Spring,4.8,9.34,Yes,Adventure,Moderate,🇫🇷,Europe,Western Europe,EUR,€,French,Paris,UTC+01:00,67400000.0,643801.0,FR,FRA,"AD, BE, DE, IT, LU, MC, ES, CH",46.2276,2.2137,110,High,Spring,Serene Falls (France),4.8,0,66.68,74.0,30.0,53.0,68.0,72.0,85.0,10.0,10.0,46.1701,2.3334,Moderate,0,"Khám phá Serene Falls (France) tại France, một điểm đến adventure tuyệt vời với phong cảnh đẹp và bầu không khí trong lành. Điểm đến này có chi phí dịch vụ moderate (đánh giá trung bình 4.8/5), thích hợp nhất để du lịch vào spring.",https://images.unsplash.com/photo-1502602898657-3e91760cbb34?w=1200&dest=serenefallsfrance6999645420832883055
Ouro Preto,Brazil,South America,Historical,139.12,Spring,4.8,7.63,No,Heritage,Moderate,🇧🇷,Americas,South America,BRL,R$,Portuguese,Brasilia,UTC-03:00,211000000.0,8515767.0,BR,BRA,"AR, BO, CO, GF, GY, PY, PE, SR, UY, VE",-14.235,-51.9253,111,High,Spring,Crystal Forest (Brazil),4.8,0,63.26,34.0,10.0,23.0,29.0,26.0,33.0,15.0,15.0,-14.1153,-52.0123,Moderate,5,"Khám phá Crystal Forest (Brazil) tại Brazil, một điểm đến historical tuyệt vời với phong cảnh đẹp và bầu không khí trong lành. Điểm đến này có chi phí dịch vụ moderate (đánh giá trung bình 4.8/5), thích hợp nhất để du lịch vào spring.",https://images.unsplash.com/photo-1483729558449-99ef09a8c325?w=1200&dest=crystalforestbrazil3287291693305805760
Verdon Gorge,France,Europe,Nature,129.6,Winter,4.6,9.07,Yes,Nature,Moderate,🇫🇷,Europe,Western Europe,EUR,€,French,Paris,UTC+01:00,67400000.0,643801.0,FR,FRA,"AD, BE, DE, IT, LU, MC, ES, CH",46.2276,2.2137,112,High,Winter,Grand Pagoda (France),4.6,11,64.14,74.0,30.0,53.0,68.0,72.0,85.0,10.0,10.0,46.2777,2.1698,Moderate,0,"Nếu bạn đang lên kế hoạch du lịch nature, Grand Pagoda (France) ở France chính là lựa chọn lý tưởng. Với mức xếp hạng 4.6/5 sao từ cộng đồng du khách và chi phí du lịch thuộc phân khúc moderate, nơi này hứa hẹn kỳ nghỉ tuyệt vời vào winter.",https://images.unsplash.com/photo-1502602898657-3e91760cbb34?w=1200&dest=grandpagodafrance3644698045454819940
French Riviera,France,Europe,Beach,138.04,Spring,4.8,0.6,Yes,Nature,Moderate,🇫🇷,Europe,Western Europe,EUR,€,French,Paris,UTC+01:00,67400000.0,643801.0,FR,FRA,"AD, BE, DE, IT, LU, MC, ES, CH",46.2276,2.2137,114,Medium,Spring,Serene Canyon (France),4.8,0,49.2,74.0,30.0,53.0,68.0,72.0,85.0,10.0,10.0,46.3024,2.3414,Moderate,0,"Khám phá nét độc đáo của Serene Canyon (France) - điểm du lịch beach đặc sắc tại France. Nơi đây thu hút du khách nhờ các hoạt động trải nghiệm hấp dẫn vào spring, mức chi phí moderate cùng điểm số đánh giá 4.8/5 ấn tượng.",https://images.unsplash.com/photo-1502602898657-3e91760cbb34?w=1200&dest=serenecanyonfrance4390721470700299030
Wat Phra Kaeo (Temple of the Emerald Buddha),Thailand,Asia,Religious,245.62,Spring,4.8,4.76,No,Heritage,Expensive,🇹🇭,Asia,South-Eastern Asia,THB,฿,Thai,Bangkok,UTC+07:00,69800000.0,513120.0,TH,THA,"KH, LA, MMR, MY",15.87,100.9925,116,High,Spring,Lush Canyon (Thailand),4.8,0,57.52,38.0,15.0,27.0,39.0,25.0,35.0,22.0,22.0,15.9844,100.8499,Expensive,1,"Nếu bạn đang lên kế hoạch du lịch religious, Lush Canyon (Thailand) ở Thailand chính là lựa chọn lý tưởng. Với mức xếp hạng 4.8/5 sao từ cộng đồng du khách và chi phí du lịch thuộc phân khúc expensive, nơi này hứa hẹn kỳ nghỉ tuyệt vời vào spring.",https://images.unsplash.com/photo-1528181304800-259b08848526?w=1200&dest=lushcanyonthailand663878554084575782
Recoleta Cemetery (Buenos Aires),Argentina,South America,Historical,99.7,Winter,4.1,6.89,Yes,Heritage,Moderate,🇦🇷,Americas,South America,ARS,$,Spanish,Buenos Aires,UTC-03:00,45000000.0,2780400.0,AR,ARG,"BO, BR, CL, PY, UY",-38.4161,-63.6167,117,High,Winter,Serene Falls (Argentina),4.1,0,54.78,30.0,8.0,20.0,28.0,25.0,35.0,14.0,14.0,-38.3314,-63.6432,Moderate,2,"Serene Falls (Argentina) là địa danh historical nổi tiếng hàng đầu tại Argentina. Được đánh giá 4.1/5 sao nhờ trải nghiệm độc đáo, địa điểm này có chi phí moderate và thời điểm ghé thăm hoàn hảo nhất là vào winter.",https://images.unsplash.com/photo-1604924186519-2e7a41d6e0a2?w=1200&dest=serenefallsargentina7859215581709530749
Meteora Monasteries,Greece,Europe,Religious,188.53,Winter,4.7,8.0,Yes,Heritage,Expensive,🇬🇷,Europe,Southern Europe,EUR,€,Greek,Athens,UTC+02:00,10700000.0,131957.0,GR,GRC,"AL, BG, TR, MKD",39.0742,21.8243,118,High,Winter,Lush Canyon (Greece),4.7,0,63.0,55.0,18.0,37.0,44.0,52.0,43.0,18.0,18.0,39.0042,21.9105,Expensive,4,"Nếu bạn đang lên kế hoạch du lịch religious, Lush Canyon (Greece) ở Greece chính là lựa chọn lý tưởng. Với mức xếp hạng 4.7/5 sao từ cộng đồng du khách và chi phí du lịch thuộc phân khúc expensive, nơi này hứa hẹn kỳ nghỉ tuyệt vời vào winter.",https://images.unsplash.com/photo-1503152394-c571994fd383?w=1200&dest=lushcanyongreece3154182566548862852
Blyde River Canyon Nature Reserve,South Africa,Africa,Nature,149.39,Spring,4.2,1.05,No,Nature,Moderate,🇿🇦,Africa,Southern Africa,ZAR,R,"Zulu, Xhosa, Afrikaans, English",Pretoria,UTC+02:00,59300000.0,1221037.0,ZA,ZAF,"BW, LS, MZ, NA, SZ, ZW",-30.5595,22.9375,119,Medium,Spring,Serene Canyon (South Africa),4.2,0,44.1,38.0,14.0,26.0,34.0,32.0,73.0,22.0,22.0,-30.5947,22.7991,Moderate,5,"Khám phá Serene Canyon (South Africa) tại South Africa, một điểm đến nature tuyệt vời với phong cảnh đẹp và bầu không khí trong lành. Điểm đến này có chi phí dịch vụ moderate (đánh giá trung bình 4.2/5), thích hợp nhất để du lịch vào spring.",https://images.unsplash.com/photo-1523805009345-7448845a9e53?w=1200&dest=serenecanyonsouthafr2135293074578679361
Chichen Itza,Mexico,North America,Historical,45.5,Winter,5.0,8.93,No,Heritage,Budget,🇲🇽,Americas,Central America,MXN,$,Spanish,Mexico City,UTC-06:00,126000000.0,1964375.0,MX,MEX,"BZ, GT, US",23.6345,-102.5528,120,High,Winter,Sacred Ruins (Mexico),5.0,0,67.86,38.0,12.0,26.0,36.0,32.0,42.0,20.0,20.0,23.5512,-102.4578,Budget,2,"Trải nghiệm hành trình du lịch historical thú vị tại Sacred Ruins (Mexico) (Mexico). Điểm đến này mang lại cảnh sắc say đắm lòng người, chi phí thuộc mức budget, đánh giá cao 5.0/5 và rất thích hợp cho chuyến đi vào winter.",https://images.unsplash.com/photo-1518638150340-f706e86654de?w=1200&dest=sacredruinsmexico7393014016779641420
Marina Bay Sands & Gardens,Singapore,Asia,Urban,250,All Year,4.7,,No,Urban,expensive,,,,,,,,,,,,,,,,,,,,,,,,,,,,,,,,,,,Khu phức hợp giải trí và khu vườn siêu cây nổi tiếng nhất Singapore.,
Zermatt Matterhorn Peak,Switzerland,Europe,Mountain,350,Winter,4.9,,No,Mountain,luxury,,,,,,,,,,,,,,,,,,,,,,,,,,,,,,,,,,,"Đỉnh núi Matterhorn huyền thoại, biểu tượng của Thụy Sĩ.",
Maldives Overwater Villas,Maldives,Asia,Beach,500,Winter,4.9,,No,Beach,luxury,,,,,,,,,,,,,,,,,,,,,,,,,,,,,,,,,,,Thiên đường nghỉ dưỡng với biệt thự trên mặt nước trong xanh.,
Santorini Island Sunsets,Greece,Europe,Beach,200,Summer,4.8,,No,Beach,expensive,,,,,,,,,,,,,,,,,,,,,,,,,,,,,,,,,,,Hòn đảo tuyệt đẹp với hoàng hôn ngoạn mục và kiến trúc trắng xanh.,
Taj Mahal,India,Asia,Historical,50,Winter,4.9,,No,Historical,budget,,,,,,,,,,,,,,,,,,,,,,,,,,,,,,,,,,,"Kỳ quan thế giới, lăng mộ đá cẩm thạch trắng tuyệt đẹp.",
Leh Ladakh,India,Asia,Adventure,80,Summer,4.7,,No,Adventure,moderate,,,,,,,,,,,,,,,,,,,,,,,,,,,,,,,,,,,Vùng cao nguyên hoang sơ với phong cảnh núi non hùng vĩ.,
Interlaken Adventure,Switzerland,Europe,Adventure,300,Summer,4.8,,No,Adventure,luxury,,,,,,,,,,,,,,,,,,,,,,,,,,,,,,,,,,,Trung tâm thể thao mạo hiểm giữa hai hồ nước tuyệt đẹp.,
Cappadocia Hot Balloons,Turkey,Asia,Adventure,120,Spring,4.8,,No,Adventure,moderate,,,,,,,,,,,,,,,,,,,,,,,,,,,,,,,,,,,Thung lũng đá kỳ quan với hàng trăm khinh khí cầu bay cùng lúc.,
Burj Khalifa Dubai,UAE,Asia,Urban,250,Winter,4.7,,No,Urban,expensive,,,,,,,,,,,,,,,,,,,,,,,,,,,,,,,,,,,"Tòa tháp cao nhất thế giới, biểu tượng của Dubai hiện đại.",
Jaipur City,India,Asia,Cultural,45,Winter,4.5,,No,Cultural,budget,,,,,,,,,,,,,,,,,,,,,,,,,,,,,,,,,,,Thành phố hồng với cung điện và pháo đài tráng lệ.,
Kerala Backwaters,India,Asia,Nature,55,Winter,4.6,,No,Nature,moderate,,,,,,,,,,,,,,,,,,,,,,,,,,,,,,,,,,,Mạng lưới sông ngòi và kênh rạch tuyệt đẹp giữa rừng dừa.,
Seoul Tower & Palace,South Korea,Asia,Cultural,120,Autumn,4.6,,No,Cultural,moderate,,,,,,,,,,,,,,,,,,,,,,,,,,,,,,,,,,,Thủ đô Hàn Quốc với cung điện cổ và tháp Namsan hiện đại.,
London Big Ben & Eye,United Kingdom,Europe,Urban,200,Summer,4.7,,No,Urban,expensive,,,,,,,,,,,,,,,,,,,,,,,,,,,,,,,,,,,London với tháp đồng hồ Big Ben và vòng quay London Eye nổi tiếng.,
Istanbul Hagia Sophia,Turkey,Asia,Historical,80,Spring,4.8,,No,Historical,moderate,,,,,,,,,,,,,,,,,,,,,,,,,,,,,,,,,,,Thánh đường Hagia Sophia - kiệt tác kiến trúc Byzantine.,
Ubud Bali Cultural Tour,Indonesia,Asia,Cultural,70,Summer,4.7,,No,Cultural,moderate,,,,,,,,,,,,,,,,,,,,,,,,,,,,,,,,,,,Trung tâm văn hóa Bali với ruộng bậc thang và đền cổ.,
Jeju Island Beaches,South Korea,Asia,Beach,130,Summer,4.5,,No,Beach,expensive,,,,,,,,,,,,,,,,,,,,,,,,,,,,,,,,,,,Đảo núi lửa tuyệt đẹp của Hàn Quốc.,
Sentosa Island Resort,Singapore,Asia,Beach,180,All Year,4.5,,No,Beach,expensive,,,,,,,,,,,,,,,,,,,,,,,,,,,,,,,,,,,Đảo giải trí hàng đầu Đông Nam Á.,
Stockholm Gamla Stan,Sweden,Europe,Historical,180,Summer,4.6,,No,Historical,expensive,,,,,,,,,,,,,,,,,,,,,,,,,,,,,,,,,,,Phố cổ trung cổ quyến rũ nhất Scandinavia.,
Tromso Northern Lights Hunting,Norway,Europe,Adventure,200,Winter,4.8,,No,Adventure,expensive,,,,,,,,,,,,,,,,,,,,,,,,,,,,,,,,,,,Thành phố cực quang đẹp nhất Na Uy.,
Geirangerfjord Cruising,Norway,Europe,Nature,180,Summer,4.9,,No,Nature,expensive,,,,,,,,,,,,,,,,,,,,,,,,,,,,,,,,,,,Vịnh hẹp đẹp nhất Na Uy với thác nước hùng vĩ.,
Bergen Bryggen Wharf,Norway,Europe,Historical,170,Summer,4.6,,No,Historical,expensive,,,,,,,,,,,,,,,,,,,,,,,,,,,,,,,,,,,"Bến tàu Hanseatic đầy màu sắc, di sản UNESCO.",
Lofoten Islands Scenic Tour,Norway,Europe,Nature,160,Summer,4.8,,No,Nature,expensive,,,,,,,,,,,,,,,,,,,,,,,,,,,,,,,,,,,Quần đảo hoang sơ với phong cảnh ngoạn mục.,
Amsterdam Historic Canal Cruise,Netherlands,Europe,Cultural,160,Spring,4.6,,No,Cultural,expensive,,,,,,,,,,,,,,,,,,,,,,,,,,,,,,,,,,,Du thuyền trên kênh đào cổ kính của Amsterdam.,
Keukenhof Tulip Festival,Netherlands,Europe,Nature,130,Spring,4.7,,No,Nature,expensive,,,,,,,,,,,,,,,,,,,,,,,,,,,,,,,,,,,Vườn hoa tulip lớn nhất thế giới.,
Zaanse Schans Windmill Village,Netherlands,Europe,Cultural,100,Spring,4.5,,No,Cultural,moderate,,,,,,,,,,,,,,,,,,,,,,,,,,,,,,,,,,,Làng cối xay gió truyền thống Hà Lan.,
Giethoorn Village Without Roads,Netherlands,Europe,Nature,90,Summer,4.6,,No,Nature,moderate,,,,,,,,,,,,,,,,,,,,,,,,,,,,,,,,,,,"Làng cổ không đường bộ, chỉ có kênh rạch.",
Brussels Grand Place,Belgium,Europe,Historical,140,Spring,4.6,,No,Historical,expensive,,,,,,,,,,,,,,,,,,,,,,,,,,,,,,,,,,,Quảng trường lớn Brussels - kiệt tác kiến trúc Baroque.,
Vienna Schonbrunn Palace,Austria,Europe,Historical,150,Spring,4.8,,No,Historical,expensive,,,,,,,,,,,,,,,,,,,,,,,,,,,,,,,,,,,Cung điện mùa hè tráng lệ của Hoàng gia Áo.,
Hallstatt Alpine Village,Austria,Europe,Nature,140,Summer,4.9,,No,Nature,expensive,,,,,,,,,,,,,,,,,,,,,,,,,,,,,,,,,,,Làng cổ bên hồ đẹp nhất thế giới.,
Salzburg Mozart Heritage,Austria,Europe,Cultural,140,Winter,4.6,,No,Cultural,expensive,,,,,,,,,,,,,,,,,,,,,,,,,,,,,,,,,,,Thành phố quê hương Mozart với kiến trúc Baroque.,
Lisbon Alfama & Tram 28,Portugal,Europe,Cultural,100,Spring,4.6,,No,Cultural,moderate,,,,,,,,,,,,,,,,,,,,,,,,,,,,,,,,,,,Khu phố cổ Lisbon với xe điện cổ điển.,
Algarve Cliffs & Caves,Portugal,Europe,Beach,90,Summer,4.7,,No,Beach,moderate,,,,,,,,,,,,,,,,,,,,,,,,,,,,,,,,,,,Bờ biển với vách đá và hang động ngoạn mục.,
Sintra Pena Palace,Portugal,Europe,Historical,85,Spring,4.8,,No,Historical,moderate,,,,,,,,,,,,,,,,,,,,,,,,,,,,,,,,,,,Cung điện Pena rực rỡ trên đỉnh đồi.,
Cliffs of Moher Coastal Walk,Ireland,Europe,Nature,110,Summer,4.7,,No,Nature,moderate,,,,,,,,,,,,,,,,,,,,,,,,,,,,,,,,,,,Vách đá cao nhất châu Âu với tầm nhìn Đại Tây Dương.,
Copenhagen Nyhavn Harbour,Denmark,Europe,Urban,170,Summer,4.6,,No,Urban,expensive,,,,,,,,,,,,,,,,,,,,,,,,,,,,,,,,,,,Bến cảng đầy màu sắc biểu tượng của Copenhagen.,
Rovaniemi Santa Claus Village,Finland,Europe,Cultural,160,Winter,4.5,,No,Cultural,expensive,,,,,,,,,,,,,,,,,,,,,,,,,,,,,,,,,,,Làng Ông già Noel chính thức tại Phần Lan.,
Helsinki Cathedral & Market,Finland,Europe,Cultural,150,Summer,4.5,,No,Cultural,expensive,,,,,,,,,,,,,,,,,,,,,,,,,,,,,,,,,,,Nhà thờ trắng Helsinki và chợ truyền thống.,
Reykjavik Blue Lagoon Spa,Iceland,Europe,Adventure,200,Winter,4.7,,No,Adventure,expensive,,,,,,,,,,,,,,,,,,,,,,,,,,,,,,,,,,,Suối nước nóng Blue Lagoon nổi tiếng nhất Iceland.,
Gullfoss Golden Waterfall,Iceland,Europe,Nature,180,Summer,4.8,,No,Nature,expensive,,,,,,,,,,,,,,,,,,,,,,,,,,,,,,,,,,,Thác nước vàng hùng vĩ của Iceland.,
Jokulsarlon Glacier Lagoon,Iceland,Europe,Nature,190,Winter,4.9,,No,Nature,expensive,,,,,,,,,,,,,,,,,,,,,,,,,,,,,,,,,,,Đầm phá sông băng với tảng băng trôi xanh biếc.,
Krakow Wawel Castle & Square,Poland,Europe,Historical,70,Spring,4.6,,No,Historical,moderate,,,,,,,,,,,,,,,,,,,,,,,,,,,,,,,,,,,Lâu đài Wawel và quảng trường cổ Krakow.,
Prague Charles Bridge & Castle,Czech Republic,Europe,Historical,90,Spring,4.8,,No,Historical,moderate,,,,,,,,,,,,,,,,,,,,,,,,,,,,,,,,,,,Cầu Charles và lâu đài Prague - viên ngọc châu Âu.,
Budapest Parliament on Danube,Hungary,Europe,Historical,80,Spring,4.7,,No,Historical,moderate,,,,,,,,,,,,,,,,,,,,,,,,,,,,,,,,,,,Tòa nhà quốc hội Budapest soi bóng sông Danube.,
Dubrovnik Game of Thrones Walls,Croatia,Europe,Historical,120,Summer,4.7,,No,Historical,moderate,,,,,,,,,,,,,,,,,,,,,,,,,,,,,,,,,,,Thành cổ Dubrovnik - bối cảnh Game of Thrones.,
Plitvice Lakes Waterfall Trail,Croatia,Europe,Nature,80,Spring,4.8,,No,Nature,moderate,,,,,,,,,,,,,,,,,,,,,,,,,,,,,,,,,,,Hệ thống hồ và thác nước bậc thang tuyệt đẹp.,
Kuala Lumpur Petronas Towers,Malaysia,Asia,Urban,80,All Year,4.6,,No,Urban,moderate,,,,,,,,,,,,,,,,,,,,,,,,,,,,,,,,,,,Tháp đôi Petronas - biểu tượng Malaysia hiện đại.,
Penang Georgetown Heritage Art,Malaysia,Asia,Cultural,50,All Year,4.5,,No,Cultural,budget,,,,,,,,,,,,,,,,,,,,,,,,,,,,,,,,,,,Phố cổ Georgetown với nghệ thuật đường phố độc đáo.,
Langkawi Cable Car & SkyBridge,Malaysia,Asia,Adventure,70,All Year,4.5,,No,Adventure,moderate,,,,,,,,,,,,,,,,,,,,,,,,,,,,,,,,,,,Cáp treo và cầu trên không ngoạn mục tại Langkawi.,
El Nido Bacuit Bay Islands,Philippines,Asia,Beach,55,Winter,4.7,,No,Beach,moderate,,,,,,,,,,,,,,,,,,,,,,,,,,,,,,,,,,,Vịnh đảo đá vôi tuyệt đẹp tại Palawan.,
Chocolate Hills Bohol Adventure,Philippines,Asia,Nature,45,Winter,4.4,,No,Nature,budget,,,,,,,,,,,,,,,,,,,,,,,,,,,,,,,,,,,Đồi sô-cô-la độc đáo tại đảo Bohol.,
Boracay Island White Beach,Philippines,Asia,Beach,75,Winter,4.6,,No,Beach,moderate,,,,,,,,,,,,,,,,,,,,,,,,,,,,,,,,,,,Bãi biển cát trắng nổi tiếng nhất Philippines.,
Angkor Wat Heritage Park,Cambodia,Asia,Historical,35,Winter,4.9,,No,Historical,budget,,,,,,,,,,,,,,,,,,,,,,,,,,,,,,,,,,,Quần thể đền Angkor Wat - kỳ quan thế giới.,
Bagan Hot Air Balloon Valley,Myanmar,Asia,Historical,45,Winter,4.8,,No,Historical,budget,,,,,,,,,,,,,,,,,,,,,,,,,,,,,,,,,,,Thung lũng hàng nghìn ngôi đền cổ với khinh khí cầu.,
Inle Lake Fisherman Villages,Myanmar,Asia,Cultural,40,Winter,4.6,,No,Cultural,budget,,,,,,,,,,,,,,,,,,,,,,,,,,,,,,,,,,,Hồ Inle với làng nổi và ngư dân chèo bằng chân.,
Kyoto Fushimi Inari Shrine,Japan,Asia,Religious,120,Spring,4.8,,No,Religious,moderate,,,,,,,,,,,,,,,,,,,,,,,,,,,,,,,,,,,Đền Fushimi Inari với hàng nghìn cổng torii đỏ.,
Osaka Dotonbori Street Food,Japan,Asia,Cultural,110,Autumn,4.7,,No,Cultural,moderate,,,,,,,,,,,,,,,,,,,,,,,,,,,,,,,,,,,Phố ẩm thực Dotonbori - thiên đường ăn uống Nhật Bản.,
Grand Canyon South Rim,USA,North America,Nature,100,Spring,4.9,,No,Nature,moderate,,,,,,,,,,,,,,,,,,,,,,,,,,,,,,,,,,,Hẻm núi lớn nhất thế giới với cảnh quan ngoạn mục.,
New York Times Square Neon,USA,North America,Urban,250,Autumn,4.6,,No,Urban,expensive,,,,,,,,,,,,,,,,,,,,,,,,,,,,,,,,,,,Quảng trường Thời đại - trung tâm giải trí New York.,
Louvre Art Museum Paris,France,Europe,Cultural,180,Spring,4.8,,No,Cultural,expensive,,,,,,,,,,,,,,,,,,,,,,,,,,,,,,,,,,,Bảo tàng nghệ thuật lớn nhất thế giới tại Paris.,
French Riviera Nice Beaches,France,Europe,Beach,160,Summer,4.5,,No,Beach,expensive,,,,,,,,,,,,,,,,,,,,,,,,,,,,,,,,,,,Bờ biển Pháp với bãi biển Địa Trung Hải tuyệt đẹp.,
Zhangjiajie Avatar Mountains,China,Asia,Nature,65,Autumn,4.8,,No,Nature,moderate,,,,,,,,,,,,,,,,,,,,,,,,,,,,,,,,,,,Núi đá sa thạch kỳ quan - cảm hứng cho phim Avatar.,
Shanghai The Bund Skyline,China,Asia,Urban,100,Autumn,4.6,,No,Urban,moderate,,,,,,,,,,,,,,,,,,,,,,,,,,,,,,,,,,,Bến Thượng Hải với đường chân trời ngoạn mục.,
Chiang Mai Lantern Festival,Thailand,Asia,Cultural,40,Winter,4.7,,No,Cultural,budget,,,,,,,,,,,,,,,,,,,,,,,,,,,,,,,,,,,Lễ hội đèn trời Yi Peng huyền diệu tại Chiang Mai.,
Phuket Patong Beach Party,Thailand,Asia,Beach,55,Winter,4.4,,No,Beach,moderate,,,,,,,,,,,,,,,,,,,,,,,,,,,,,,,,,,,Bãi biển Patong sôi động nhất Thái Lan.,
Porto Douro Vineyard Valley,Portugal,Europe,Cultural,90,Autumn,4.6,,No,Cultural,moderate,,,,,,,,,,,,,,,,,,,,,,,,,,,,,,,,,,,Thung lũng rượu vang Douro tuyệt đẹp.,
Reynisfjara Black Sand Beach,Iceland,Europe,Beach,170,Summer,4.7,,No,Beach,expensive,,,,,,,,,,,,,,,,,,,,,,,,,,,,,,,,,,,Bãi biển cát đen núi lửa độc đáo nhất thế giới.,
Phnom Penh Palace & Silver Pagoda,Cambodia,Asia,Historical,30,Winter,4.5,,No,Historical,budget,,,,,,,,,,,,,,,,,,,,,,,,,,,,,,,,,,,Cung điện hoàng gia và chùa Bạc tại Phnom Penh.,
Taroko Marble Gorge National Park,Taiwan,Asia,Nature,70,Autumn,4.7,,No,Nature,moderate,,,,,,,,,,,,,,,,,,,,,,,,,,,,,,,,,,,Hẻm núi đá cẩm thạch ngoạn mục tại Đài Loan.,
Almaty Charyn Canyon,Kazakhstan,Asia,Nature,50,Summer,4.6,,No,Nature,budget,,,,,,,,,,,,,,,,,,,,,,,,,,,,,,,,,,,Hẻm núi Charyn - Grand Canyon thu nhỏ của Trung Á.,
Torres del Paine National Park,Chile,South America,Nature,120,Summer,4.9,,No,Nature,moderate,,,,,,,,,,,,,,,,,,,,,,,,,,,,,,,,,,,Công viên quốc gia với núi đá granite và sông băng.,
Phu Quoc Sunset Beach,Vietnam,Asia,Beach,60,Winter,4.5,,No,Beach,moderate,,,,,,,,,,,,,,,,,,,,,,,,,,,,,,,,,,,Đảo Phú Quốc với bãi biển hoàng hôn tuyệt đẹp.,
Sapa Terrace Rice Fields,Vietnam,Asia,Nature,40,Autumn,4.6,,No,Nature,budget,,,,,,,,,,,,,,,,,,,,,,,,,,,,,,,,,,,Ruộng bậc thang Sa Pa - kiệt tác nông nghiệp vùng cao.,
Trang An Scenic Landscape,Vietnam,Asia,Nature,30,Spring,4.7,,No,Nature,budget,,,,,,,,,,,,,,,,,,,,,,,,,,,,,,,,,,,Quần thể danh thắng Tràng An - di sản UNESCO.,
Sahara Desert Camp Merzouga,Morocco,Africa,Adventure,70,Winter,4.7,,No,Adventure,moderate,,,,,,,,,,,,,,,,,,,,,,,,,,,,,,,,,,,Trải nghiệm cắm trại giữa sa mạc Sahara rộng lớn.,
Marrakech Medina Souks,Morocco,Africa,Cultural,60,Spring,4.5,,No,Cultural,moderate,,,,,,,,,,,,,,,,,,,,,,,,,,,,,,,,,,,Chợ truyền thống Marrakech - mê cung mua sắm và ẩm thực.,
Victoria Falls Zambia,Zambia,Africa,Nature,90,Summer,4.9,,Yes,Nature,moderate,,,,,,,,,,,,,,,,,,,,,,,,,,,,,,,,,,,Thác Victoria hùng vĩ - một trong những thác nước lớn nhất thế giới.,
Serengeti Wildebeest Migration,Tanzania,Africa,Adventure,150,Summer,4.8,,Yes,Adventure,expensive,,,,,,,,,,,,,,,,,,,,,,,,,,,,,,,,,,,Cuộc di cư vĩ đại của linh dương đầu bò trên đồng bằng Serengeti.,
Halong Bay Cruise,Vietnam,Asia,Nature,50,Autumn,4.7,,Yes,Nature,budget,,,,,,,,,,,,,,,,,,,,,,,,,,,,,,,,,,,Vịnh Hạ Long - kỳ quan thiên nhiên với hàng nghìn đảo đá vôi.,
Mekong Delta Floating Market,Vietnam,Asia,Cultural,25,Winter,4.4,,No,Cultural,budget,,,,,,,,,,,,,,,,,,,,,,,,,,,,,,,,,,,Chợ nổi Đồng bằng sông Cửu Long - nét văn hóa độc đáo miền Tây.,
Hoi An Ancient Town,Vietnam,Asia,Historical,35,Spring,4.7,,Yes,Historical,budget,,,,,,,,,,,,,,,,,,,,,,,,,,,,,,,,,,,Phố cổ Hội An - di sản văn hóa thế giới với đèn lồng truyền thống.,
